{
  "ASCII Anti Aliased": true,
  "ASCII Ligatures": true,
  "AWDS Pane Directory": "",
  "AWDS Pane Option": "Recycle",
  "AWDS Tab Directory": "",
  "AWDS Tab Option": "Recycle",
  "AWDS Window Directory": "",
  "AWDS Window Option": "No",
  "Ambiguous Double Width": false,
  "Ansi 0 Color": {
    "Blue Component": 0,
    "Green Component": 0,
    "Red Component": 0
  },
  "Ansi 1 Color": {
    "Blue Component": 0,
    "Green Component": 0,
    "Red Component": 0.7333333492279053
  },
  "Ansi 10 Color": {
    "Blue Component": 0.3333333432674408,
    "Green Component": 1,
    "Red Component": 0.3333333432674408
  },
  "Ansi 11 Color": {
    "Blue Component": 0.3333333432674408,
    "Green Component": 1,
    "Red Component": 1
  },
  "Ansi 12 Color": {
    "Alpha Component": 1,
    "Blue Component": 1,
    "Color Space": "sRGB",
    "Green Component": 0.610753909042244,
    "Red Component": 0.58587646484375
  },
  "Ansi 13 Color": {
    "Blue Component": 1,
    "Green Component": 0.3333333432674408,
    "Red Component": 1
  },
  "Ansi 14 Color": {
    "Blue Component": 1,
    "Green Component": 1,
    "Red Component": 0.3333333432674408
  },
  "Ansi 15 Color": {
    "Blue Component": 1,
    "Green Component": 1,
    "Red Component": 1
  },
  "Ansi 2 Color": {
    "Blue Component": 0,
    "Green Component": 0.7333333492279053,
    "Red Component": 0
  },
  "Ansi 3 Color": {
    "Alpha Component": 1,
    "Blue Component": 0,
    "Color Space": "sRGB",
    "Green Component": 0.7686274509803922,
    "Red Component": 0.7803921568627451
  },
  "Ansi 4 Color": {
    "Alpha Component": 1,
    "Blue Component": 0.98187255859375,
    "Color Space": "sRGB",
    "Green Component": 0.6263888537077603,
    "Red Component": 0.3123036725446582
  },
  "Ansi 5 Color": {
    "Blue Component": 0.7333333492279053,
    "Green Component": 0,
    "Red Component": 0.7333333492279053
  },
  "Ansi 6 Color": {
    "Alpha Component": 1,
    "Blue Component": 0.780487060546875,
    "Color Space": "sRGB",
    "Green Component": 0.7733234621025539,
    "Red Component": 0.024104397743940353
  },
  "Ansi 7 Color": {
    "Blue Component": 0.7333333492279053,
    "Green Component": 0.7333333492279053,
    "Red Component": 0.7333333492279053
  },
  "Ansi 8 Color": {
    "Blue Component": 0.3333333432674408,
    "Green Component": 0.3333333432674408,
    "Red Component": 0.3333333432674408
  },
  "Ansi 9 Color": {
    "Blue Component": 0.3333333432674408,
    "Green Component": 0.3333333432674408,
    "Red Component": 1
  },
  "BM Growl": true,
  "Background Color": {
    "Alpha Component": 1,
    "Blue Component": 0,
    "Color Space": "sRGB",
    "Green Component": 0,
    "Red Component": 0.248870849609375
  },
  "Background Image Location": "",
  "Badge Color": {
    "Alpha Component": 0.574920654296875,
    "Blue Component": 0,
    "Color Space": "sRGB",
    "Green Component": 0.89483642578125,
    "Red Component": 1
  },
  "Badge Text": "",
  "Blink Allowed": true,
  "Blinking Cursor": false,
  "Blur": true,
  "Bold Color": {
    "Blue Component": 1,
    "Green Component": 1,
    "Red Component": 1
  },
  "Bound Hosts": [
    "root@"
  ],
  "Character Encoding": 4,
  "Close Sessions On End": true,
  "Columns": 128,
  "Command": "",
  "Cursor Color": {
    "Blue Component": 0.7333333492279053,
    "Green Component": 0.7333333492279053,
    "Red Component": 0.7333333492279053
  },
  "Cursor Text Color": {
    "Blue Component": 1,
    "Green Component": 1,
    "Red Component": 1
  },
  "Cursor Type": 2,
  "Custom Command": "No",
  "Custom Directory": "Recycle",
  "Default Bookmark": "No",
  "Description": "Default",
  "Disable Window Resizing": true,
  "Draw Powerline Glyphs": false,
  "Flashing Bell": false,
  "Foreground Color": {
    "Alpha Component": 1,
    "Blue Component": 0.7803921568627451,
    "Color Space": "sRGB",
    "Green Component": 0.7803921568627451,
    "Red Component": 0.7803921568627451
  },
  "Guid": "874FE9C5-DF23-41DB-99A2-D272FF96D7BB",
  "Has Hotkey": false,
  "Hide After Opening": false,
  "Horizontal Spacing": 1,
  "Icon": 1,
  "Idle Code": 0,
  "Initial Text": "",
  "Jobs to Ignore": [
    "rlogin",
    "ssh",
    "slogin",
    "telnet"
  ],
  "Keyboard Map": {
    "0x2a-0x200000": {
      "Action": 12,
      "Text": "*"
    },
    "0x2b-0x200000": {
      "Action": 12,
      "Text": "+"
    },
    "0x2d-0x200000": {
      "Action": 12,
      "Text": "-"
    },
    "0x2d-0x40000": {
      "Action": 11,
      "Text": "0x1f"
    },
    "0x2e-0x200000": {
      "Action": 12,
      "Text": "."
    },
    "0x2f-0x200000": {
      "Action": 12,
      "Text": "/"
    },
    "0x3-0x200000": {
      "Action": 11,
      "Text": "0xd"
    },
    "0x30-0x200000": {
      "Action": 12,
      "Text": "0"
    },
    "0x31-0x200000": {
      "Action": 12,
      "Text": "1"
    },
    "0x32-0x200000": {
      "Action": 12,
      "Text": "2"
    },
    "0x32-0x40000": {
      "Action": 11,
      "Text": "0x00"
    },
    "0x33-0x200000": {
      "Action": 12,
      "Text": "3"
    },
    "0x33-0x40000": {
      "Action": 11,
      "Text": "0x1b"
    },
    "0x34-0x200000": {
      "Action": 12,
      "Text": "4"
    },
    "0x34-0x40000": {
      "Action": 11,
      "Text": "0x1c"
    },
    "0x35-0x200000": {
      "Action": 12,
      "Text": "5"
    },
    "0x35-0x40000": {
      "Action": 11,
      "Text": "0x1d"
    },
    "0x36-0x200000": {
      "Action": 12,
      "Text": "6"
    },
    "0x36-0x40000": {
      "Action": 11,
      "Text": "0x1e"
    },
    "0x37-0x200000": {
      "Action": 12,
      "Text": "7"
    },
    "0x37-0x40000": {
      "Action": 11,
      "Text": "0x1f"
    },
    "0x38-0x200000": {
      "Action": 12,
      "Text": "8"
    },
    "0x38-0x40000": {
      "Action": 11,
      "Text": "0x7f"
    },
    "0x39-0x200000": {
      "Action": 12,
      "Text": "9"
    },
    "0x65-0x100000": {
      "Action": 11,
      "Text": "0x02 0x64"
    },
    "0x74-0x100000": {
      "Action": 11,
      "Text": "0x02 0x63"
    },
    "0x77-0x100000": {
      "Action": 11,
      "Text": "0x02 0x26"
    },
    "0x78-0x100000": {
      "Action": 11,
      "Text": "0x02 0x78"
    },
    "0x7b-0x120000": {
      "Action": 11,
      "Text": "0x02 0x10"
    },
    "0x7d-0x120000": {
      "Action": 11,
      "Text": "0x02 0x0e"
    },
    "0x7f-0x100000": {
      "Action": 11,
      "Text": "0x15"
    },
    "0x7f-0x80000": {
      "Action": 11,
      "Text": "0x1b 0x7f"
    },
    "0xf700-0x220000": {
      "Action": 10,
      "Text": "[1;2A"
    },
    "0xf700-0x240000": {
      "Action": 10,
      "Text": "[1;5A"
    },
    "0xf700-0x260000": {
      "Action": 10,
      "Text": "[1;6A"
    },
    "0xf701-0x220000": {
      "Action": 10,
      "Text": "[1;2B"
    },
    "0xf701-0x240000": {
      "Action": 10,
      "Text": "[1;5B"
    },
    "0xf701-0x260000": {
      "Action": 10,
      "Text": "[1;6B"
    },
    "0xf702-0x220000": {
      "Action": 10,
      "Text": "[1;2D"
    },
    "0xf702-0x240000": {
      "Action": 10,
      "Text": "[1;5D"
    },
    "0xf702-0x260000": {
      "Action": 10,
      "Text": "[1;6D"
    },
    "0xf702-0x280000": {
      "Action": 10,
      "Text": "b"
    },
    "0xf703-0x220000": {
      "Action": 10,
      "Text": "[1;2C"
    },
    "0xf703-0x240000": {
      "Action": 10,
      "Text": "[1;5C"
    },
    "0xf703-0x260000": {
      "Action": 10,
      "Text": "[1;6C"
    },
    "0xf703-0x280000": {
      "Action": 10,
      "Text": "f"
    },
    "0xf704-0x20000": {
      "Action": 10,
      "Text": "[1;2P"
    },
    "0xf705-0x20000": {
      "Action": 10,
      "Text": "[1;2Q"
    },
    "0xf706-0x20000": {
      "Action": 10,
      "Text": "[1;2R"
    },
    "0xf707-0x20000": {
      "Action": 10,
      "Text": "[1;2S"
    },
    "0xf708-0x20000": {
      "Action": 10,
      "Text": "[15;2~"
    },
    "0xf709-0x20000": {
      "Action": 10,
      "Text": "[17;2~"
    },
    "0xf70a-0x20000": {
      "Action": 10,